scan_idx,phant_id,breast_radius_mm,localization_error_mm,iou,dice,scr_db,smr_db,cnr,peak_intensity,tvsvd_rank_removed,blob_threshold_used,runtime_sec
0,A13F14,43.8,19.72485607250044,0.00849575212393803,0.01684836471754212,5.139209003389313,4.676910334700024,2.8311851814803872,137.64656548559478,5,0.40297315218510166,0.09140420000017002
1,A13F14,43.8,29.88607242496986,0.0,0.0,6.155547374896658,5.57977475715905,2.9234857431860775,131.78840446883817,5,0.38645858918150194,0.08640919999993457
2,A13F14,43.8,64.56668473966994,0.0,0.0,6.518508569792124,5.696298781054744,4.429515195997352,145.85317141577494,6,0.325780239629282,0.16988919999994323
3,A13F14,43.8,45.851170181259505,0.0,0.0,6.5910463460068005,5.8565885554804265,3.4884919750712577,124.20167932391757,5,0.43079508431563973,0.15290820000018357
4,A13F14,43.8,39.23037981559716,0.0,0.0,6.086944567652347,5.679188548735949,3.5643058547222326,154.4388447439321,5,0.3563149747987464,0.14929730000017116
5,A13F14,43.8,41.932973711820566,0.0,0.0,6.059188431839818,5.680658340476744,3.1699228474781838,168.10977974383425,5,0.4433869371158075,0.18160609999995359
6,A13F14,43.8,45.86021946089792,0.0,0.0,6.6482523955773765,6.225968024750531,3.9951744523754775,170.85221069211423,6,0.3273508883487831,0.22976789999984248
7,A13F14,43.8,68.625187540383,0.0,0.0,5.315232699153153,4.947562390054273,2.6763151277361166,99.36250666529263,5,0.3441539602071771,0.22444050000012794
8,A13F14,43.8,30.33642606190168,0.0,0.0,6.595459532249036,5.583128474407202,3.7642438543445227,232.5167812974415,5,0.38755138553389556,0.11908250000010412
9,A13F14,43.8,41.50302965997443,0.0,0.0,6.228717594320753,5.930701188081785,3.8577297238064063,182.88304783994997,6,0.33276960069224126,0.12291519999985212
10,A13F14,43.8,25.36670713435234,0.011655011655011656,0.02304147465437788,4.722662983375406,4.473145396498936,2.3059872808071993,155.56902448677826,6,0.5071201801210163,0.11845749999997679
11,A13F14,43.8,4.461455274902077,0.4384173580089343,0.6095829636202307,6.305421881013079,5.460847702576363,3.5732988625892075,214.4220509859246,6,0.43226524554181583,0.14612469999997302
12,A13F14,43.8,46.51438146396329,0.0,0.0,5.295539126419445,4.969985928339331,2.718831045638707,196.83208689849707,5,0.45806254326553064,0.20170020000000477
13,A13F14,43.8,66.9366011317481,0.0,0.0,5.08062122468763,4.787874009153391,2.6891580991515,113.8515219080136,6,0.4270107833216231,0.14956200000005992
14,A11F4,33.1,32.50123397230888,0.0,0.0,6.051351786019397,5.365857850141101,4.1035533019135295,175.07373182988735,6,0.34392834072227035,0.11090579999995498
15,A11F4,33.1,31.708998638867353,0.0,0.0,5.192676819495929,4.869156612566303,3.1001315153584286,101.9113937608389,6,0.5164566016103955,0.11074349999989863
16,A11F4,33.1,61.91722582773618,0.0,0.0,6.9621049330887255,6.154111666240208,4.103397739261612,271.2376237034856,4,0.39456679340860734,0.1998562999999649
17,A11F4,33.1,62.85895144023163,0.0,0.0,5.038600708898661,4.68660191290477,2.7172927151571673,182.577278784295,5,0.4251172908428901,0.1694723000000522
18,A14F4,45.4,44.91537629175987,0.0,0.0,6.204217995052313,5.704047382230483,3.613776625725707,180.2355223660885,5,0.32670912428397525,0.1580948000000717
19,A14F4,45.4,15.961187142558224,0.10634648370497427,0.19224806201550387,6.245278086487014,5.555189041630818,3.394454893002827,214.66068105311078,6,0.4308310134869351,0.17578069999990475
20,A14F4,45.4,59.13797748560895,0.0,0.0,6.578887591525447,5.952104151010046,3.488666420324718,263.3004781665425,6,0.3135446823691187,0.1643695000000207
21,A14F4,45.4,38.56586526692493,0.0,0.0,6.4507733271716985,5.850275683606068,3.2986113163613897,280.3411704603711,7,0.3697147569288538,0.18329080000012254
22,A11F11,33.1,67.60918445651161,0.0,0.0,6.502611221456451,6.060280313502888,3.436539343308916,251.57674690418492,9,0.33465988506311967,0.13170560000003206
23,A11F11,33.1,52.72947092175133,0.0,0.0,7.069192224803039,6.012789994010392,3.905237401015958,251.8433973251345,5,0.4263222053198,0.11500509999996211
24,A11F11,33.1,27.884126576320117,0.0,0.0,6.266849467100468,5.794241706957378,3.3873033166060287,157.93604070097507,5,0.46946566289486885,0.1195397999999841
25,A11F11,33.1,38.65042875595285,0.0,0.0,5.46528230975984,4.884275347387479,3.279279165026976,201.36688099156933,5,0.47843750825555165,0.1198128999999426
26,A11F11,33.1,14.329672015853365,0.012127894156560088,0.023965141612200435,6.156618001448395,5.376559115292484,3.8251272607167466,168.35721589213108,4,0.3413237483218987,0.12314240000000609
27,A11F11,33.1,47.920750310781145,0.0,0.0,4.649806571995679,4.40692514280099,2.4904115295006646,156.38200137237547,4,0.5729432952501466,0.12544359999992594
28,A2F1,48.5,49.56164591039434,0.0,0.0,5.627670358278289,5.341923571626315,2.9711149268409223,300.82072185945026,4,0.43266092677662693,0.12492729999985386
29,A2F1,48.5,68.86101479805474,0.0,0.0,7.318111914827315,5.827827969372239,5.189558753676981,305.83954688927076,4,0.40663539384140535,0.12621809999996003
30,A2F1,48.5,88.83361749066222,0.0,0.0,5.9931012517697,5.593122283083898,2.6957826530686972,350.77366087947456,5,0.30098889070816426,0.13005999999995765
31,A3F12,56.9,31.599477706615946,0.0,0.0,5.158689522948437,4.940772293144643,2.3829034344670688,248.28254332066976,5,0.3902046504346845,0.11995829999978014
32,A3F12,56.9,8.274226387578471,0.025331724969843185,0.04941176470588235,5.191786919431912,4.852898691652163,2.5357457149512728,302.8573102313745,4,0.37580830689944494,0.12046340000006239
33,A3F12,56.9,11.2762969630038,0.009259259259259259,0.01834862385321101,5.063203039886393,4.835474896001902,2.4272038822766397,333.6330404798781,5,0.39613337470968235,0.09956579999993664
34,A16F13,57.0,34.962914884247226,0.0,0.0,5.887920522011985,5.483527063901269,3.2271147161496385,260.392264855669,5,0.4410139492029363,0.11853519999999662
35,A16F13,57.0,60.135482251935684,0.0,0.0,5.6507491434552914,4.967284086324844,3.138425483140321,184.48080418235654,5,0.583607513212533,0.11463109999999688
36,A16F13,57.0,42.225622196693145,0.0,0.0,5.950114263071802,5.663208109907019,2.8271654637989316,185.38780317882876,7,0.33780068446574035,0.144362000000001
37,A16F13,57.0,16.709522878451978,0.025821596244131457,0.05034324942791762,6.921549404126007,6.523939983829471,3.2809123171531507,240.0627415572817,7,0.33048292123125406,0.1405677000000196
38,A3F13,56.9,80.1010012802038,0.0,0.0,7.412206805988026,6.799131518226737,5.001711599127629,224.75318650615293,7,0.23441070017945453,0.12331779999999526
39,A3F13,56.9,59.33519848535545,0.0,0.0,6.426667706055163,6.061864603424506,3.2336242218289013,271.4830547135278,5,0.31119268384439525,0.13039600000001883
40,A3F13,56.9,32.59149340069482,0.0,0.0,6.3148524418169085,5.969796595506207,3.667737918584269,257.1447184166583,5,0.40767384723942646,0.11695869999994102
41,A3F13,56.9,96.32661943143177,0.0,0.0,5.721436783518835,5.449015761661007,2.922531678267739,267.36451432947143,6,0.35313532847685997,0.11752200000000812
42,A16F12,57.0,32.591955599840404,0.03622047244094488,0.06990881458966565,6.995759247042842,6.38254246688164,2.9899567828382456,421.2493072796053,6,0.29591580362526276,0.12046089999989817
43,A16F12,57.0,76.11510089189773,0.0,0.0,7.810686761221859,7.474410711323167,5.035622525512801,341.22731868581366,7,0.21331167259238779,0.10250169999994796
44,A16F12,57.0,9.814693809229352,0.1111111111111111,0.2,7.802914204076515,7.281797171028649,5.578855569757833,359.9192988907086,6,0.21698137330889278,0.11492480000015348
45,A12F11,39.0,42.75717028512518,0.0,0.0,5.378237084737883,4.980290964194562,2.994743918088533,222.4256550654079,6,0.483318349071253,0.11809739999989688
46,A12F11,39.0,19.391438949706483,0.018867924528301886,0.037037037037037035,4.858925340458918,4.5234769788333935,1.969821708309662,229.7936862311801,7,0.2985236792915736,0.15946329999997033
47,A12F11,39.0,44.13487462261901,0.0,0.0,5.4353201930941815,4.962940018378188,2.2729125083408444,310.0966523144075,7,0.25348873606778294,0.15179990000001453
48,A12F11,39.0,47.449316170416346,0.0,0.0,5.201723780521627,4.91497614389111,2.6776691180633008,178.83464893719852,6,0.4372003173589126,0.1847387999998773
49,A12F11,39.0,31.38801767647936,0.0,0.0,6.3047331192867375,5.660570662842766,3.3688274226107335,251.9668835792563,6,0.46754107388273125,0.1983463000001393
50,A12F11,39.0,27.536253824614132,0.0,0.0,5.975385798097335,5.614278718802149,3.079974215880036,201.91933390598655,7,0.41036442302653586,0.16931080000017573
51,A12F11,39.0,12.32193041269468,0.14056224899598393,0.24647887323943662,5.580613273995095,5.08132916010425,2.8728356108761854,167.55049807074883,6,0.5020251636420372,0.17913590000011936
52,A13F12,43.8,76.20118603674047,0.0,0.0,5.3769357080248925,4.909618028474727,2.796768206501434,122.91871847726884,7,0.39111176678257464,0.18719229999987874
53,A13F12,43.8,40.59418190697608,0.0,0.0,5.27819191572374,4.951095746788391,2.315873539937413,354.802877143893,7,0.3089589628298222,0.18647420000002057
54,A13F12,43.8,38.98956648388604,0.0,0.0,5.536024444395462,5.291176074341962,2.570574418853202,168.3683582767528,7,0.39947059518483097,0.15910090000011223
55,A13F12,43.8,49.89766165996575,0.0,0.0,4.79210568615159,4.656336337866331,2.204757198594834,209.3144396156076,5,0.41216224717274985,0.1577018999998927
56,A13F12,43.8,40.34373616915506,0.0,0.0,8.082838976390946,7.147747148460923,5.058694287144633,239.1393753477985,6,0.2238773059441429,0.14947910000000775
57,A13F12,43.8,36.42463573184321,0.0,0.0,5.689525954478551,5.169367772427132,2.9350996693826743,150.0205787602765,6,0.47031823456626065,0.1363194000000476
58,A13F12,43.8,15.297557253987643,0.009508716323296355,0.018838304552590265,5.512215053392804,5.14689225379299,2.5215089709569742,132.66222178228347,5,0.35720541138671913,0.1406554000000142
59,A2F11,48.5,43.450745841351214,0.0,0.0,4.716864424240537,4.506574559482878,1.9398819373209688,123.25041283719048,9,0.3109658508495417,0.1374746999999843
60,A2F11,48.5,19.82366369744641,0.05976520811099253,0.11278952668680765,5.948575832572887,5.5087912615028305,2.6323998573648706,449.51074691881826,6,0.29413108118664194,0.11089910000009695
61,A2F11,48.5,51.08569374017436,0.0,0.0,5.73988051339999,5.162975887014815,2.5078736375246273,598.6673324290765,5,0.25106098113066716,0.11913780000008956
62,A13F4,43.8,32.304717521074956,0.0,0.0,5.179505535191233,4.932559892837614,2.599292013913465,113.21677146860041,6,0.4928745720128005,0.12457179999978507
63,A13F4,43.8,41.85953976905616,0.0,0.0,5.616250966911953,5.186076639219292,3.283966858621099,138.67802605035723,6,0.42142294617588877,0.10758629999986624
64,A13F4,43.8,22.569788245774774,0.0,0.0,6.025097939991989,5.597468607693516,3.307152123140922,161.0175478267556,6,0.4222263522023947,0.12333339999986492
65,A13F4,43.8,15.733655619817776,0.0,0.0,6.363710037051113,6.013760276766439,4.2302698519000685,199.6016767839817,6,0.34265615557454215,0.11856750000015381
66,A13F4,43.8,67.41787315603166,0.0,0.0,5.711814966914575,5.414785659536522,2.4768957485526246,190.9753601156814,6,0.31710144556005876,0.11235860000010689
67,A13F4,43.8,16.947235896053602,0.012154696132596685,0.024017467248908297,6.161162568447338,5.80152107190277,3.1806815936443305,188.72996768810845,7,0.46858537951757634,0.0949115000000802
68,A13F4,43.8,42.81336522874205,0.0,0.0,5.559665112589332,5.003150875827326,2.953026853034862,127.66663471360002,7,0.4750886800004454,0.11288940000008552
69,A14F12,45.4,63.61563771879056,0.0,0.0,7.029610832255168,6.579110767791838,5.014682122183419,302.0645331574513,5,0.2547951365821182,0.11462409999990086
70,A14F12,45.4,30.93157191607106,0.0,0.0,5.6773724758011666,5.379646435925089,2.717881760177195,217.69709206082553,6,0.336793447898822,0.10504570000011881
71,A14F12,45.4,81.1174448293545,0.0,0.0,6.234952633446687,5.88708316954794,2.9213091211950695,244.5633334398218,5,0.37923855173785376,0.10128130000020974
72,A14F12,45.4,12.418125843172422,0.0,0.0,6.346481366740782,6.085791077402602,3.5001671359981925,171.52251187298225,6,0.42281751771063,0.10363029999984974
73,A14F12,45.4,66.39338733062885,0.0,0.0,6.987022963231523,6.564641598523634,4.393797992606959,376.51861777221495,6,0.3209814695553258,0.10433979999993426
74,A14F12,45.4,45.07750044005281,0.0,0.0,5.45853234528317,5.25339645658998,3.11189135438026,338.8878101283971,5,0.41668941512132757,0.09253590000002987
75,A14F12,45.4,31.81025111106035,0.0,0.0,5.988055731410833,5.485323961349875,3.4309106090928885,313.03792690042116,6,0.47238161845012266,0.11347720000003392
76,A13F2,43.8,58.512655825191025,0.0,0.0,5.638395653687716,5.253581037797394,2.918247015973424,185.86178781871578,5,0.37949204019935895,0.0967516999999134
77,A13F2,43.8,66.7077616942032,0.0,0.0,6.107579855522784,5.545342707200932,3.540156501787266,100.46104132872752,5,0.4290709222794486,0.10837169999990692
78,A13F2,43.8,20.741779268141247,0.01678183613030602,0.03300970873786408,5.428236064658022,5.102805746314198,2.727343650596362,160.89574865777948,5,0.46425391767999097,0.0981398999999783
79,A13F2,43.8,70.10738794667272,0.0,0.0,6.69132637883198,6.053553281593763,4.098793468069969,430.9556745444372,6,0.31346973453817817,0.1006824000000961
80,A11F1,33.1,13.904011987433654,0.14529520295202952,0.25372533225936367,6.431306685293222,5.87982626361231,4.142447224032498,230.0657102634809,6,0.38974002292194376,0.12079430000017055
81,A11F1,33.1,54.878186996029406,0.0,0.0,6.375644990113414,5.605787455408413,3.595805109501051,460.7171057223916,6,0.44908310652680805,0.12809070000002976
82,A11F1,33.1,32.4566160166152,0.0,0.0,7.023862022248698,5.970024370656918,4.763718334841806,549.492475333754,6,0.3302246575348099,0.12120770000001357
83,A11F1,33.1,38.1601286375552,0.0,0.0,6.381536785235038,5.934959569945355,3.4810386328911007,175.41256593852518,6,0.2809232544434591,0.09507929999995213
84,A11F1,33.1,16.704486273171337,0.08310249307479224,0.1534526854219949,5.454533765807076,5.146142750130501,2.678841365912051,180.886411548973,6,0.5306834320030598,0.12347509999995054
85,A11F1,33.1,30.144835457947455,0.0,0.0,5.832439877364078,4.840118740564068,3.285080223051486,237.86144008041913,6,0.510271378502998,0.12020600000005288
86,A11F1,33.1,56.536080095589924,0.0,0.0,7.908181459273064,6.8873062385509245,5.591062402884486,238.92819200159718,7,0.2467796091204321,0.11686029999987113
87,A11F1,33.1,59.12017275126546,0.0,0.0,6.104912419784827,5.352384759990622,4.079418832042957,342.98339683037995,7,0.34225171764756224,0.12145609999993212
88,A11F1,33.1,27.366387685043104,0.0,0.0,7.443054524737802,6.567369106836104,4.673264161359153,218.26733607860348,7,0.31398872087204993,0.1026200000001154
89,A11F1,33.1,17.362996118575747,0.0,0.0,5.449846052703125,5.156016012389469,3.0123812055812373,185.68970538223581,7,0.44049638285598053,0.10202329999992799
90,A11F1,33.1,35.625966476112374,0.0,0.0,6.979264914967062,6.0204803059919865,4.041284640724946,471.076761161617,6,0.39819453766552065,0.11648999999988519
91,A11F1,33.1,35.27854507201065,0.0,0.0,5.6719737946011755,5.17691892439215,3.160634783846569,333.75929230402244,6,0.43166721715192513,0.14154129999997167
92,A11F1,33.1,35.70016680767026,0.0,0.0,4.531243889726405,4.291750506051711,1.977504068594676,255.82517205898992,6,0.32072575907496603,0.15826850000007653
93,A11F1,33.1,18.929442878082995,0.0,0.0,6.444206689798624,5.721168710998396,3.7253852965374836,197.6527400954722,6,0.46883506872660685,0.1497537000000193
94,A13F1,43.8,77.17652935140433,0.0,0.0,6.372681810524784,5.753583970848494,3.2843171958437902,275.57585025725194,7,0.50783265592292,0.15465679999988424
95,A13F1,43.8,64.38497581127834,0.0,0.0,5.584228306235919,5.4018021830848175,3.271104215241972,223.70044886619738,6,0.46079262373920665,0.15917689999992035
96,A13F1,43.8,45.58601682482038,0.0,0.0,4.708305342488431,4.462782983138532,2.1617326502626772,271.9124916371927,6,0.4010495385033611,0.16090260000009948
97,A13F1,43.8,36.7898697504252,0.0,0.0,5.993838462018902,5.600324944253934,3.5457451493025025,195.46367493926405,6,0.36403252902647126,0.16506409999988136
98,A13F1,43.8,74.67288021572345,0.0,0.0,7.6655677393135315,6.392521397884275,6.081830083253458,642.4665764596491,6,0.24685234960783062,0.12388820000001033
99,A13F1,43.8,33.37140249945491,0.0,0.0,5.530779857958148,5.2687586945637666,2.4800103851079225,222.15347721692964,7,0.23545840503986912,0.14732370000001538
100,A13F1,43.8,26.964690797164142,0.0,0.0,5.968322445934997,5.462917077552428,3.1144107013604674,186.83766455957917,6,0.5139762126184442,0.1240039000001616
101,A13F1,43.8,6.107941772869542,0.25971370143149286,0.41233766233766234,5.838673873924323,5.451870444301939,2.9121420216712717,197.5603985903351,6,0.4385196707358149,0.1086977999998453
102,A13F1,43.8,64.0994474734206,0.0,0.0,6.77269228503703,6.222265139256051,3.995029480026274,237.07129011486214,7,0.3022609638813935,0.10561239999992722
103,A13F1,43.8,48.173809389832165,0.0,0.0,5.6209456584007365,4.997750327362912,2.8794024863780066,326.64846860035607,5,0.4230638213656587,0.13859190000016497
104,A13F1,43.8,54.871298956774154,0.0,0.0,6.594490913313481,6.151258378381681,3.8351749621249285,254.7626206481589,7,0.3470350436484991,0.12939490000007936
105,A13F1,43.8,29.323842133544144,0.0,0.0,6.569175917845438,6.162964807932706,3.5841116966630433,201.64618086764398,7,0.35700780315009595,0.12146250000000691
106,A13F1,43.8,52.633022677413344,0.0,0.0,6.427414893790621,5.7207264887447,3.584696529378782,236.7606058984549,7,0.3671138834396979,0.13536510000017188
107,A13F1,43.8,5.275336504733703,0.38375350140056025,0.5546558704453441,5.900891581173427,5.608388961674917,3.2169881525243436,175.53828424574155,7,0.4283252074739347,0.1280550999999832
108,A14F3,45.4,34.410835673817814,0.0,0.0,5.383533638234561,5.064668687647966,3.0167214766619743,279.53940619842405,6,0.3704380686709981,0.14614720000008674
109,A14F3,45.4,55.99272069293597,0.0,0.0,6.323982279743957,5.848060808421166,3.246372145387535,294.89771708767864,7,0.411182051695416,0.1437905000000228
110,A14F3,45.4,84.16708665819263,0.0,0.0,5.849830485487874,5.562583258541687,3.1629244141612674,119.32563078491904,7,0.43658936092679745,0.1435371000000032
111,A14F1,45.4,61.96618711606501,0.0,0.0,5.047821317849164,4.889701736686701,2.2491700011229807,174.622009659216,7,0.41845068637464494,0.1138948000000255
112,A14F1,45.4,69.4047982460922,0.0,0.0,6.7039148126783745,6.220035370493573,3.8777915667078675,230.17579581713377,7,0.34721872777577817,0.1247396999999637
113,A14F1,45.4,29.2058020624627,0.0,0.0,5.431135617734325,5.155208259447507,2.6656135779011843,234.29575946528252,6,0.3267403248607535,0.13122539999994842
114,A14F1,45.4,70.5257847386867,0.0,0.0,5.605667460272788,5.14601162601616,2.924741676370443,384.44316082386695,6,0.46611746753078764,0.1451211000000967
115,A14F1,45.4,8.532005378319468,0.3266423357664234,0.4924346629986245,5.757055319110609,5.399500104182117,2.567070856353858,297.95471043935294,5,0.36941174220239936,0.15690100000006169
116,A14F1,45.4,24.811158457915045,0.0,0.0,5.701001955940933,5.367614351621648,2.8299086819964234,289.1897904643893,5,0.4861504660430939,0.17091389999995954
117,A14F1,45.4,46.71421750811454,0.0,0.0,7.5179648136684545,6.682914480747607,5.627415150877299,316.7879104926339,6,0.26916059758128846,0.13352329999997892
118,A14F1,45.4,70.55919166781386,0.0,0.0,7.102988782279595,6.568933983406379,3.9043635156998113,341.8527769102068,5,0.36493624779554473,0.13051670000004378
119,A14F1,45.4,20.696091122847093,0.02385211687537269,0.046592894583576,6.600472085956957,6.083212819249346,4.5520051839184905,320.1681567949962,5,0.31195592495624364,0.12715210000010302
120,A14F1,45.4,20.31759457282844,0.01025236593059937,0.02029664324746292,6.708384549595739,5.9530919419371315,3.5260734565853142,373.88988982271485,5,0.43439672301847776,0.13361550000013267
121,A14F1,45.4,36.527459251202316,0.0,0.0,7.94979419120497,7.436450884317223,5.788965972019871,426.2398760036396,6,0.2563116466024103,0.15654289999997673
122,A14F1,45.4,29.39738154499828,0.0,0.0,6.413798935619925,5.569071215638023,3.997550454649394,383.03415356123776,5,0.40290514260490223,0.14515189999997347
123,A14F1,45.4,73.03610959865618,0.0,0.0,6.752239853266655,6.179153271144124,3.5353385122066388,337.7397750935402,6,0.3426601277706063,0.1323026000000027
124,A14F1,45.4,31.645991785385334,0.0,0.0,5.474685507314535,5.211454475128582,3.0412305235053014,204.5367533504946,6,0.36335836489845597,0.12080790000004527
125,A2F1,48.5,73.50252804162648,0.0,0.0,6.585119801175727,5.879097441794313,3.3512133422279513,321.56901150868435,6,0.3709885479531412,0.13668359999996937
126,A2F1,48.5,32.700768832903954,0.0,0.0,5.507099062272158,5.180047921784637,2.86799886162954,204.2281519864613,6,0.4494209840262387,0.12873910000007527
127,A2F1,48.5,86.44128686585881,0.0,0.0,5.986074213237789,5.681861903402826,3.101772277617166,214.33279308929178,6,0.45418200234984485,0.12682039999981498
128,A2F1,48.5,90.36278554906487,0.0,0.0,7.214434154324443,6.7953512670184715,5.150652519113824,325.981922803904,6,0.21755003364937964,0.14755009999998947
129,A2F1,48.5,37.389509671534725,0.0,0.0,6.3448893683762355,5.9940672942520195,3.5857191969324442,261.1394252190342,6,0.38501818021702044,0.14533040000014807
130,A2F1,48.5,87.2617320495595,0.0,0.0,7.993215632985525,7.053986631613603,5.402896099786402,447.9534720617569,5,0.26993874962275166,0.13271449999979268
131,A2F1,48.5,32.9816137502817,0.0,0.0,7.3273074247183665,6.6989467024818925,4.197448554780321,328.69681077704456,6,0.3297400745414095,0.13014780000003157
132,A2F1,48.5,19.054237507334904,0.0,0.0,6.378891302981776,5.814155097544933,3.587869706820511,218.2364809252286,5,0.4422320162012497,0.14170639999997547
133,A2F1,48.5,53.50197082127407,0.0,0.0,5.057800030785949,4.747350491628026,2.266844101593114,160.49323008255664,6,0.33069063798106846,0.11928369999986899
134,A2F1,48.5,9.784213445617363,0.07975460122699386,0.14772727272727273,6.138043892291025,5.622222584171281,3.5592325308552377,180.23870464674485,5,0.3159307102473134,0.12663580000003094
135,A2F1,48.5,42.8039764549436,0.0,0.0,6.426628836749568,5.9706169600477725,2.2012577242105795,579.7895334728556,6,0.2265030432781985,0.1473615999998401
136,A12F1,39.0,49.21004399290739,0.0,0.0,5.672062197957107,5.2389996641773795,2.66489484194306,165.23985643237998,6,0.47102075598922444,0.1455814000000828
137,A12F1,39.0,55.85355681615988,0.0,0.0,4.857779264633587,4.534554049053392,2.3683158275388982,237.3923221359732,6,0.3374632907397118,0.15023339999993368
138,A12F1,39.0,60.96235454350245,0.0,0.0,5.4900896042345035,5.026940407039798,3.0672588562258123,164.0167068189476,6,0.385755518660348,0.13128970000002482
139,A12F1,39.0,11.472100397589873,0.0,0.0,5.738306054756151,5.480854987925347,3.2376860486566383,169.87949886230837,6,0.4025210710846843,0.12023870000007264
140,A12F1,39.0,51.62346643672069,0.0,0.0,8.418742993852009,7.830733072201905,6.141204496860082,489.0298498541131,7,0.2111196376113756,0.10830910000004224
141,A12F1,39.0,64.23819047521526,0.0,0.0,5.526550861537261,5.2278151140460185,2.3452462641412968,459.0435645405119,6,0.418207690489206,0.10148459999982151
142,A12F1,39.0,25.982425548726344,0.0,0.0,6.487791573614519,6.072796640664131,4.022754045893545,146.7312270034695,7,0.3708907022992167,0.13110240000014528
143,A12F1,39.0,39.800212751705686,0.0,0.0,6.0616368426116125,5.403177511359592,3.3201756829401456,276.4198859625303,5,0.5050047058609255,0.13347270000008393
144,A12F1,39.0,40.174591460028424,0.0,0.0,7.06019108965295,6.6303836500381275,3.734450642772007,172.76343377495513,6,0.3054416018744268,0.1245920000001206
145,A12F1,39.0,40.4448056880576,0.0,0.0,9.124595459904517,7.143681445089766,7.428499545461976,495.82933937954283,5,0.16717625119673304,0.13887960000010935
146,A12F1,39.0,47.02442288461251,0.0,0.0,5.109904858783956,4.835924587647514,2.6225712163505244,200.7088141060155,6,0.4967019478007648,0.11578829999984919
147,A12F1,39.0,54.57084637909995,0.0,0.0,6.2191349830842295,5.4948428273107055,3.570272848363618,509.64487632582143,5,0.43437077418519354,0.11425729999996292
148,A12F1,39.0,56.8169120603112,0.0,0.0,6.527839971052032,6.032217046134814,3.5985548808727694,279.14558011174466,5,0.2643306343507048,0.12854519999996228
149,A12F1,39.0,71.2662352495203,0.0,0.0,6.759000372673358,6.069734702897804,3.692483836003601,125.38839944968878,5,0.4145073878443025,0.12853359999985514
150,A12F1,39.0,11.580033435992883,0.13193116634799235,0.23310810810810811,6.31274539198537,5.8900616132174966,3.585434824498491,272.38842936645517,5,0.39722770620108033,0.14010559999996985
151,A12F1,39.0,34.200585289473096,0.0,0.0,5.097013943395759,4.661501649847099,2.6271381450737583,198.81147348292203,6,0.5411161488731803,0.12677710000002662
152,A12F1,39.0,47.531022565314125,0.0,0.0,7.675241590216154,6.9204451139160685,4.901109930842635,425.85010754437576,6,0.1647382442324571,0.12055589999999938
153,A12F1,39.0,41.251451813243996,0.0,0.0,5.064372029926691,4.698403877528234,2.3022313529944656,236.03949221262542,5,0.5079376092791225,0.12690559999987272
154,A12F1,39.0,54.380180411932805,0.0,0.0,5.789483485708047,5.367623877408696,3.352016906711208,292.9067530468135,5,0.4984579406175427,0.13211760000012873
155,A16F1,57.0,33.22339756508343,0.0,0.0,5.5473423607034675,5.140957805558078,2.922024497348734,184.07547378313458,5,0.46928358767573025,0.14377920000015365
156,A16F1,57.0,75.55860012441511,0.0,0.0,7.248739904088532,6.353837605840907,4.93647457147827,591.1727290723288,4,0.26118525927280883,0.12877750000006927
157,A16F1,57.0,29.601750885691295,0.0,0.0,6.147031776142323,5.507235549158747,3.8400906483591113,306.18227935296517,5,0.31641844262549973,0.11971299999981966
158,A16F1,57.0,62.62048571811723,0.0,0.0,5.803217708592621,5.476613414473742,3.1499976389377706,347.6135284448427,5,0.350770513570094,0.14375519999998687
159,A16F1,57.0,15.340531061916888,0.18547595682041218,0.3129139072847682,5.651419262612464,5.312563012079582,2.9000273384567943,274.1649282604527,6,0.37420728699132266,0.1473769000001539
160,A16F1,57.0,52.86400801240892,0.0,0.0,6.2935091385672575,5.922506684770137,3.341639828884738,355.2260084951909,5,0.36194314813250766,0.13717079999992166
161,A16F1,57.0,97.95640004690763,0.0,0.0,6.522024376325374,6.260630457280102,4.012837486659336,196.6539492773675,6,0.3040347777779263,0.12488710000002357
162,A15F1,56.2,58.91579169303069,0.0,0.0,6.073058073085349,5.357530453057193,3.9305931176400066,345.4706142229482,5,0.37737828647057603,0.11715879999997014
163,A15F1,56.2,58.66566897450378,0.0,0.0,6.238277361551788,5.764311757935437,3.1732456343976665,445.5123993062949,4,0.3321575919356884,0.10690490000001773
164,A15F1,56.2,69.99975106966154,0.0,0.0,6.640105932095062,6.240596475814931,3.860955066152687,382.0651290723438,4,0.3385923798985505,0.1258428000001004
165,A15F1,56.2,87.856392241922,0.0,0.0,5.60338689745593,5.18929927260391,2.991992522212808,260.28813227980345,5,0.4830913527102394,0.11523089999991498
166,A15F1,56.2,46.62981598723634,0.0,0.0,6.517598243293225,5.782566038462303,3.457905638421951,251.58770898610857,5,0.4100686912220335,0.12522210000020095
167,A15F1,56.2,28.157249968943077,0.0,0.0,7.381363579026376,6.829880379304701,4.2181251660312,230.93259794075107,6,0.2636289811020001,0.13482139999996434
168,A15F1,56.2,70.72290401802705,0.0,0.0,7.179945590615063,6.533683508865026,4.05284834144506,342.0549936142155,5,0.24032086058022165,0.1389016000000538
169,A12F2,39.0,37.74506221387532,0.0,0.0,6.156174191883435,5.67295778993166,3.078379795889993,167.10940736628396,6,0.31255807561202087,0.11484159999986332
170,A12F2,39.0,74.11331980128666,0.0,0.0,6.589546626122912,5.830976653541978,3.981032097666743,189.5850501715757,6,0.43600645086007356,0.1498222000000169
171,A12F2,39.0,24.758250490105237,0.0,0.0,5.630400216446835,5.290742498582467,2.9783573471659373,139.20471381553776,5,0.4646324916532717,0.11612209999998413
172,A12F2,39.0,48.247006374881884,0.0,0.0,6.432451114492672,5.909771756310379,3.3860828516505,204.1728011719859,5,0.4554933158980272,0.1324878999998873
173,A12F2,39.0,14.900293774690157,0.08050847457627118,0.14901960784313725,6.435380199151335,5.914089790352448,3.4650632816975206,164.7719801797792,6,0.3476773094266298,0.1340875999999298
174,A12F2,39.0,46.380914434924215,0.0,0.0,4.946121189637041,4.764888903650573,2.19490974346708,144.21521676106357,7,0.3294278159446147,0.11462380000011763
175,A14F13,45.4,73.25031599922033,0.0,0.0,5.732708283670388,5.444613525866737,2.6761296417005207,191.3166350990117,6,0.40710085132212803,0.11532340000007935
176,A14F13,45.4,75.52886634368407,0.0,0.0,7.618434048288827,7.127014771783102,4.705097370031576,395.9637985223958,6,0.21134867501747376,0.1286088000001655
177,A14F13,45.4,54.373223925275035,0.0,0.0,6.623315666915078,6.039740741094396,3.9220125021115506,295.0400086634652,5,0.326312000805244,0.13495739999984835
178,A14F13,45.4,27.95499679983784,0.0,0.0,6.7399782390172085,6.334254254689634,3.8026227048684365,204.91469028906096,6,0.324098324765007,0.1172558000000663
179,A14F13,45.4,39.052661835395476,0.0,0.0,5.388317600888481,5.1510216638810915,2.623784455180451,156.60005407810561,6,0.3880797866255257,0.1197892000000138
180,A14F13,45.4,35.86657445065588,0.0,0.0,7.066238684683887,6.384057667932721,4.06275465294794,354.9800443216534,6,0.28491262769158526,0.11728070000003754
181,A14F13,45.4,45.477321129141174,0.0,0.0,4.950306600862891,4.80774349216668,2.419440605201922,176.49969593143533,7,0.35821153120138427,0.10105400000020381
182,A15F2,56.2,93.98462566730385,0.0,0.0,6.039674132239252,5.711980249430006,3.085786862079088,137.88664926006996,7,0.3538265768018126,0.15503290000015113
183,A15F2,56.2,64.66746165274374,0.0,0.0,5.373051748838407,5.124338727600105,2.4904316751154036,172.85370341798276,7,0.37895848011267996,0.14465019999988726
184,A15F2,56.2,68.65113891422341,0.0,0.0,4.975275842057442,4.737450076329306,2.3963216579487607,180.9457618561406,7,0.4392404442834374,0.12654429999997774
185,A15F2,56.2,16.71633956954459,0.0,0.0,4.685708534765834,4.524209989327198,2.2545241784726415,189.91905846823133,7,0.3998973539029924,0.13159859999996115
186,A15F2,56.2,13.171653442333913,0.12195121951219512,0.21739130434782608,5.868710833800632,5.687782427504599,3.01253778742585,161.7381829032334,7,0.3724741205575907,0.1262348000000202
187,A15F2,56.2,96.70280228761196,0.0,0.0,6.335605488331893,6.141880092684451,3.5524313057583536,137.82185283692363,7,0.3257449950833598,0.10012970000002497
188,A15F2,56.2,54.87928664516487,0.0,0.0,5.525785807707145,5.145429029086991,2.6920819921675094,267.58030054900604,7,0.41058763424763745,0.09707509999998365
189,A2F13,48.5,42.58756886373146,0.0,0.0,4.783511296796135,4.5615198122707294,2.2492180270687663,222.58830389195552,7,0.3404691102472327,0.09675369999990835
190,A2F13,48.5,9.371440254686512,0.24758842443729903,0.39690721649484534,5.614870217998252,5.380557425187772,2.9109277545472025,136.86053795944053,7,0.4048793147248798,0.12842690000002221
191,A2F13,48.5,37.272241092190654,0.0,0.0,6.886529497817135,6.306439585764455,3.8642302685048633,167.77386200406508,6,0.37518737567338917,0.0938480999998319
192,A2F13,48.5,80.1717936083782,0.0,0.0,6.690327412977241,6.399475813854255,3.922043603023086,199.60088187657118,7,0.2883860392215679,0.0966499000001022
193,A2F13,48.5,43.277127287296935,0.0,0.0,6.38601361860591,5.931579713758381,3.5930393149443733,322.3834671428077,7,0.25746281122485776,0.09703570000010586
194,A2F13,48.5,31.086998203332364,0.0,0.0,5.847007489713939,5.614932105352564,3.062443523573796,117.22103556767584,8,0.3518567186642445,0.10598019999997632
195,A2F13,48.5,38.984906688547085,0.0,0.0,6.198301592300047,5.8886706199701635,3.1740083328602964,144.88142272741834,7,0.3951360659815987,0.09546629999999823
196,A15F13,56.2,55.338506785699664,0.0,0.0,6.275325235774602,5.903571648339495,3.5346364336072003,198.06675334849052,6,0.3781400025518293,0.09457509999992908
197,A15F13,56.2,25.099747134903726,0.0,0.0,6.359140801624834,6.028191587662785,3.0654681749351727,203.85272551166088,6,0.27209694233890686,0.09335880000003272
198,A15F13,56.2,72.55990371315644,0.0,0.0,5.290871467917163,5.0383704284165525,2.567511550941531,232.67216475349497,7,0.3652954450891292,0.09931820000019798
199,A15F13,56.2,46.37723296579116,0.0,0.0,5.503226964077213,5.249965890598202,2.7434270301354315,260.4580622482554,6,0.3869931160493142,0.10685320000015963
200,A2F2,48.5,32.56979493938817,0.0,0.0,5.577196006030292,5.32028283364974,2.793321747454521,243.5593764221597,7,0.38130978944409344,0.09266109999998662
201,A2F2,48.5,63.52632169375686,0.0,0.0,6.107494857898232,5.580516422077029,3.137473414198702,280.32364777243214,7,0.4138661760609463,0.0919074000000819
202,A2F2,48.5,83.14282729752219,0.0,0.0,7.581238504531073,7.038863388412438,5.054693484616259,378.9975582359428,7,0.2510947014948527,0.09529459999998835
203,A2F2,48.5,53.31961849993419,0.0,0.0,6.480573930435344,6.046626578656675,3.4857538173533524,192.2664351024163,7,0.2940359991060863,0.09393709999994826
204,A16F2,57.0,40.59243888373237,0.0,0.0,5.063908198924957,4.896608062088306,2.5377355326955056,149.0979119475112,7,0.4439162097476981,0.10772730000007869
205,A16F2,57.0,66.72762640155845,0.0,0.0,5.280776229011557,5.087570654957831,2.599153798413979,158.71830385291227,7,0.37683444908526414,0.09640409999997246
206,A16F2,57.0,18.48119953464956,0.0,0.0,5.432438865230894,5.292590247498916,2.6708791274292834,164.42868978183955,7,0.43268684624425297,0.0935896999999386
207,A16F2,57.0,64.32921181898021,0.0,0.0,6.131241861176661,5.779903954211747,3.2560198608516973,307.1533913733692,6,0.3533281536842881,0.09403939999992872
208,A16F2,57.0,76.80352967665299,0.0,0.0,4.838735210369714,4.617288274964806,2.306364700515284,187.50870096806048,6,0.47127493039787133,0.09091280000006918
209,A16F2,57.0,107.00746713289216,0.0,0.0,6.340309950067492,5.972511697862322,3.2713131431690807,264.319477940051,6,0.3367064530345953,0.09660959999996521
210,A16F2,57.0,101.6819491544835,0.0,0.0,6.818563805020471,6.249090456217341,3.0744192791295655,398.8782402053629,6,0.2546192520631974,0.09541460000014013
211,A3F2,56.9,35.77419794924254,0.0,0.0,5.354610359696736,5.053644377708127,2.695493749084508,168.2139374767162,6,0.3691040708205462,0.09383069999989857
212,A3F2,56.9,79.97303347246574,0.0,0.0,8.422228329012345,7.825869431250992,5.62219551549501,473.3603423790938,6,0.19797581603389908,0.11481409999987591
213,A3F2,56.9,66.26597049164732,0.0,0.0,6.465808292436309,6.0047199430097775,3.839998896052833,245.92482026021025,6,0.3902824463376306,0.15186800000014955
214,A3F2,56.9,19.201359566697455,0.022307692307692306,0.0436418359668924,7.178879197141358,6.077882343669253,5.680059230534054,539.3071283790293,5,0.27538020796826534,0.13121589999991556
215,A3F2,56.9,69.54891963210473,0.0,0.0,6.710607960338354,6.115795088057247,3.103289533894572,554.3749975185851,5,0.2934628871246173,0.12236719999987145
216,A3F2,56.9,15.675284443061598,0.048214285714285716,0.0919931856899489,4.878347697463122,4.633207262173473,2.3317589649881367,356.4086431594621,5,0.48061198343934275,0.11200270000017554
217,A3F2,56.9,59.687193597810875,0.0,0.0,6.5350418540428015,6.17822566941973,3.2972529903417205,369.1960007982784,6,0.28876957192005354,0.12808829999994487
218,A3F2,56.9,23.522831217856208,0.0,0.0,6.009565789217655,5.79751371148431,3.0765980793837757,135.01103509712735,6,0.4257098533945984,0.15161630000011428
219,A3F2,56.9,67.37800918986066,0.0,0.0,5.670668874436911,5.454623350071558,2.779397490844754,204.231505801631,6,0.24694220718405957,0.14855149999993955
220,A14F14,45.4,75.4425260960475,0.0,0.0,5.876579220765311,5.238659057441647,3.3337337395975233,184.8450524200024,6,0.4755071384474433,0.11795269999993252
221,A14F14,45.4,30.470550516993523,0.0,0.0,6.647902373423442,6.117989717890487,3.8707973705767813,187.88809976399233,5,0.36011213111421525,0.12634409999986929
222,A14F14,45.4,25.597227493651694,0.0,0.0,5.172607903274704,4.8223764074593864,2.5523224640507984,139.31642293192283,5,0.5263690305943536,0.12084689999983311
223,A14F14,45.4,78.58634664286998,0.0,0.0,6.2437013906562155,5.708653531777371,3.5010634887028886,109.95020415215772,5,0.44105671227619336,0.1283403999998427
224,A14F14,45.4,80.7505901961682,0.0,0.0,5.639266777762851,5.360782391815892,2.5766785078348513,126.82459605469195,6,0.3951132621720892,0.11959950000004937
225,A14F14,45.4,66.19569442804574,0.0,0.0,5.237907183759002,4.85378834013848,2.8229031883737274,162.28365831174074,6,0.5432563457946643,0.12128529999995408
226,A14F14,45.4,74.68960093584926,0.0,0.0,5.491954391628866,5.222978283315539,3.088585629819143,123.03230602621267,6,0.4436167960709489,0.10269240000002355
227,A14F14,45.4,56.28667316474296,0.0,0.0,5.529693923850393,5.1127859401127935,3.100770994824268,116.37644896521508,6,0.4944520310200173,0.09147140000004583
228,A14F14,45.4,24.079924888416084,0.0,0.0,4.82850394452084,4.644807780738974,2.2981624823103415,128.09532706986826,5,0.4533509923485646,0.09061229999997522
229,A14F14,45.4,48.39556354768974,0.0,0.0,5.097422432887524,4.77109204709865,2.665895106824261,116.45288090396046,6,0.4347681366821252,0.09329089999982898
230,A14F14,45.4,26.696499486569802,0.0,0.0,5.742363093830639,5.335458009519627,3.0802219318653243,95.21725293788835,6,0.4268378401890367,0.10018029999991995
231,A14F14,45.4,65.15394496575762,0.0,0.0,5.754113033490712,5.478969157602311,2.766538583786353,190.32123913169897,6,0.33317348780417716,0.11942629999998644
232,A14F14,45.4,19.880012576788342,0.0,0.0,5.905442395029547,5.642847862124042,3.351162497354545,202.721610437366,6,0.37647468773712656,0.09679189999997106
233,A14F14,45.4,21.59604826418714,0.0,0.0,5.213546299620714,4.938841013053851,2.178085188687769,216.75754377006996,6,0.27512744106913817,0.10515899999995781
234,A16F14,57.0,34.89521637821106,0.0,0.0,5.984017711726404,5.69168550117845,2.8631246056795283,282.4958283741852,6,0.3603693880502508,0.0970663999999033
235,A16F14,57.0,13.469948790740146,0.22931785195936139,0.3730814639905549,5.742687332204417,5.344064034635445,3.1052837390871635,185.91126915751084,6,0.42496376785769024,0.09246830000006412
236,A16F14,57.0,49.22625421055404,0.0,0.0,7.026265819790742,6.307676119754477,3.893436517270745,286.03820900354305,5,0.27955423444746963,0.11435050000000047
237,A16F14,57.0,77.21308337925802,0.0,0.0,6.691415113070982,6.298227380707298,3.9554610667372154,180.16219101748194,6,0.2953381616916721,0.10381250000000364
238,A16F14,57.0,16.538996803433076,0.2226190476190476,0.3641674780915287,6.6005852688376905,6.110165950664733,3.4526464866140443,212.39902248667065,6,0.31406159648211346,0.10248590000014701
239,A16F14,57.0,66.36191057708196,0.0,0.0,4.919280795433015,4.762855873187578,2.3938180685924597,164.48589715048922,6,0.428261726464769,0.09891569999990679
240,A16F14,57.0,86.87284306942138,0.0,0.0,5.869882788763717,5.447226003586135,2.5453826985405206,252.32649991968597,6,0.24764321596949074,0.11694630000010875
241,A16F14,57.0,31.34144915199726,0.0,0.0,6.914574561329719,6.583955556342892,4.053776360171758,198.6288356521839,6,0.319155017563482,0.13422540000010486
242,A16F14,57.0,39.46489277290184,0.0,0.0,6.008110624325205,5.68262458514417,3.3746209167625283,176.93080367494693,7,0.4205406919065164,0.11423519999993914
243,A16F14,57.0,61.65437546922268,0.0,0.0,5.098270480087217,4.885221247244183,2.489183705718735,151.24753759264365,7,0.347628782739756,0.10208560000000944
244,A16F14,57.0,62.19585796709616,0.0,0.0,5.700825152030871,5.423959237432462,2.3546516917026095,253.9788088761116,6,0.288841271164535,0.10468269999978475
245,A16F14,57.0,39.92340698568167,0.0,0.0,5.187441533669473,4.80430118492258,2.825774432419439,221.71979515137366,7,0.3830614821444531,0.1097667999999885
246,A16F14,57.0,29.93491753389118,0.0,0.0,5.627259209751171,5.3340612823056786,3.425985437715406,159.08821312445681,7,0.38173012548777135,0.09225979999996525
247,A16F14,57.0,45.33422536375874,0.0,0.0,6.0141090179843495,5.762391952022058,2.8712266529391415,198.35690135272827,6,0.4386546204438286,0.10196049999990464
248,A15F14,56.2,85.83125216297617,0.0,0.0,4.87949619771945,4.7457291972177025,2.3597769544114287,121.89027501416663,7,0.46173028315005343,0.09495960000003834
249,A15F14,56.2,37.08512514811503,0.0,0.0,6.59830914661411,6.074676474122741,3.7302546971735877,285.946954438484,6,0.37635837275712297,0.09608800000000883
250,A15F14,56.2,71.87694172970468,0.0,0.0,6.806191534777045,6.133511487932136,4.203443979041818,261.41629641722244,7,0.24590412618384663,0.10783300000002782
251,A15F14,56.2,71.70453047612523,0.0,0.0,6.344557579358494,6.06150953542161,3.948430366887023,196.35626477944737,7,0.30849057345622466,0.11572980000005373
252,A15F14,56.2,47.597214971613894,0.0,0.0,5.929320748808889,5.657393479934708,2.7202245119442874,275.46389533046903,6,0.2754849877912338,0.10195210000006227
253,A15F14,56.2,36.99276345018954,0.0,0.0,5.359642864108334,5.139819132209642,2.799397284504949,151.5534809070141,6,0.467488683404381,0.09253229999990253
254,A15F14,56.2,46.8085781675529,0.0,0.0,4.780882173550477,4.656201598728618,2.1323682067156198,205.5726546665425,7,0.3303803710849198,0.12108349999994061
255,A15F14,56.2,21.285475854151773,0.0,0.0,6.182078920267765,5.896105197567075,2.9685874229696267,217.89739107964985,7,0.3077676642018353,0.09613400000012007
256,A15F14,56.2,29.48469911313816,0.0,0.0,6.286906879643715,5.845130938269332,3.505175622360848,158.03619402190805,7,0.32205074692353486,0.09739869999998518
257,A15F14,56.2,76.45886411877224,0.0,0.0,5.308911153259127,5.069293656778127,2.5361184164330792,331.4597114822201,6,0.28013791414171413,0.09491350000007515
258,A15F14,56.2,24.466259004106472,0.0,0.0,5.973225882713564,5.651089429617361,2.6789818509650734,186.19519562015108,6,0.3701357542217835,0.13549109999985376
259,A15F14,56.2,56.27681606276206,0.0,0.0,5.571650870538906,5.153669809818997,2.9784366946533924,207.07992852152233,6,0.4417804220548246,0.1349652999999762
260,A15F14,56.2,41.53983339662214,0.0,0.0,6.043768466249141,5.516679837344985,3.362674478526708,178.43379712351938,6,0.37168438616788296,0.11616539999999986
261,A15F14,56.2,21.035335597238177,0.0,0.0,4.963437363041933,4.7003870550494335,2.5651481251521684,137.23033331372397,7,0.37603801348177796,0.1213130999999521
262,A11F3,33.1,12.55841843623263,0.3943089430894309,0.565597667638484,5.2711651117259155,4.849213000346225,2.4834773618585975,146.30729783839914,7,0.43025883328932585,0.14359630000012658
263,A11F3,33.1,48.623397228262746,0.0,0.0,5.317373225432735,4.958785003105975,2.540557346003182,126.78822254075659,6,0.6910646874086809,0.1342274000000998
264,A11F3,33.1,28.759598776346255,0.0,0.0,5.473449418996882,5.117370731385177,2.7583921455865337,419.27999769925515,6,0.453106792264975,0.14741780000008475
265,A11F3,33.1,44.2283734653151,0.0,0.0,5.989441974114277,5.2837914674341535,2.8964722894473938,530.6434181379502,6,0.43978562290492235,0.15176389999987805
266,A11F3,33.1,54.83685249763856,0.0,0.0,5.055719662834162,4.694433208599943,2.3455478529217033,204.46100146915416,6,0.3483180732569391,0.13814109999998436
267,A11F3,33.1,27.629291256644375,0.0,0.0,5.724261363893934,5.396161531548149,2.6307581382944223,170.52951029710266,7,0.3823536536586101,0.1334947000000284
268,A11F3,33.1,15.376667985573441,0.021778584392014518,0.04262877442273535,5.6158493822034385,5.37467120936469,2.8562159785198737,151.1220058111103,7,0.34207395863738554,0.12693209999997634
269,A11F3,33.1,48.947120530476255,0.0,0.0,6.970746086177314,5.922630905613417,3.689128012475022,334.5974713978512,6,0.3475808802952263,0.13887819999990825
270,A11F3,33.1,2.4699147812199755,0.26157517899761334,0.41468028755202424,7.262070371860162,6.600534636009213,3.169483175366343,394.7138461255369,7,0.2934318915093625,0.12282819999995809
271,A11F3,33.1,35.69507564185143,0.0,0.0,5.6420020491848035,5.318272835544612,2.3647454723885977,369.6831841667285,6,0.4082123041980709,0.10998369999992974
272,A11F3,33.1,34.61760474586958,0.0,0.0,6.736173300735838,6.0025938509284895,3.300654980679392,194.80345305261756,6,0.4713482793795842,0.12253069999997024
273,A11F3,33.1,45.23433165176275,0.0,0.0,7.124820719207583,6.450195776184686,3.779376650126414,194.33620729297996,7,0.41065318133908024,0.12694540000006782
274,A11F3,33.1,41.963452905186756,0.0,0.0,5.86537725700273,5.319086456701046,3.4157088755156937,143.64565169442278,7,0.43826991497406226,0.1255540000001929
275,A11F3,33.1,45.10921417331008,0.0,0.0,6.122880398043225,5.780158224437029,3.3974849440659742,116.08701339870782,7,0.35826075555976683,0.09965779999993174
276,A11F12,33.1,51.010094148653444,0.0,0.0,5.493348717074843,5.196951923742593,2.7327842541242435,128.51566825069506,7,0.32472236080148825,0.09831680000002052
277,A11F12,33.1,68.9739922824847,0.0,0.0,6.051529111443744,5.659637026155716,3.2212222488078486,70.79095277512575,7,0.3997767583244136,0.09719279999990249
278,A11F12,33.1,22.156706351670685,0.0,0.0,5.008882688015005,4.797605291471137,2.6497189586480725,100.82391738209715,6,0.48633055450674223,0.10912359999997534
279,A11F12,33.1,34.51541901399626,0.0,0.0,5.800754307165802,5.383614438664054,3.35811140339778,153.96960447276572,7,0.4445909550078153,0.09690599999998994
280,A11F12,33.1,28.730624410491608,0.0,0.0,5.542988834703662,5.1699096865624625,2.711251344644566,104.17835644174369,7,0.3807944081238676,0.09385829999996531
281,A14F11,45.4,86.2599527723048,0.0,0.0,6.105746764974912,5.4886710555089895,3.3124118759605876,257.33610522431,7,0.5365578778921856,0.09592530000008992
282,A14F11,45.4,76.00935370652616,0.0,0.0,5.2331693140114,4.911349741973048,3.001066400546205,198.97793002071379,7,0.4848761304896572,0.09580469999991692
283,A14F11,45.4,52.435346197830434,0.0,0.0,5.266828985634918,4.906664482633413,2.437792181830381,198.89050577755967,7,0.3405169152183112,0.10026169999991907
284,A14F11,45.4,76.88658667614457,0.0,0.0,5.290936096780992,4.887921500928019,2.6857506493119137,215.92292215052814,7,0.36531546303016627,0.1176652000001468
285,A12F3,39.0,40.549931855761734,0.0,0.0,7.282483544583939,6.303776094965566,4.6726702808327,313.8125857842996,6,0.31374834116807876,0.09577489999992395
286,A12F3,39.0,54.94410338833259,0.0,0.0,4.776438933138751,4.554400742859713,2.179299479685628,223.1838393644367,6,0.3597775020209221,0.09328460000006089
287,A12F3,39.0,73.87666571323348,0.0,0.0,5.90846765564719,5.485719530568557,3.5143297684265424,347.03682138846966,6,0.3709324453345729,0.09642260000009628
288,A12F3,39.0,51.280477033487244,0.0,0.0,5.027897661671416,4.6692248265655145,2.5569065047997603,163.45814506713177,6,0.48193082717846103,0.1074266999999054
289,A12F3,39.0,65.51555212000164,0.0,0.0,4.832440407011374,4.567769089159224,2.4421958744311727,139.67933591304796,6,0.5216227392271892,0.12892839999994976
290,A12F3,39.0,33.20333250147125,0.0,0.0,6.795592924796808,6.2246733935172385,4.0746013985980865,201.90147179340283,5,0.32149308113225916,0.13112180000007356
291,A13F3,43.8,59.099478518301304,0.0,0.0,5.677742656585152,5.142836083232126,2.689056693882601,195.6995672930126,5,0.34917309236706606,0.13395620000005692
292,A13F3,43.8,66.24248070806179,0.0,0.0,5.452601467819408,5.203311146631701,2.3573365568596967,259.5803415033164,5,0.4168298551732367,0.1501548000001094
293,A13F3,43.8,21.133109921011492,0.0,0.0,5.775751842750169,5.379281353815725,2.6854937794548492,240.84750877734723,5,0.5178626517726799,0.13058060000003024
294,A13F3,43.8,13.580144322042516,0.0,0.0,5.205319012345385,4.993403092675935,2.2976783355608665,118.8749179119646,8,0.39776592942078387,0.10812970000006317
295,A13F3,43.8,65.53624609559353,0.0,0.0,5.646585689174551,5.045218115586486,3.3919541518873424,144.7940904947144,7,0.4323977354597111,0.12501750000001266
296,A16F3,57.0,85.32145775862183,0.0,0.0,5.397387389599365,5.235386867815554,2.704140078412236,161.2614144229692,7,0.45303040615524465,0.12698109999996632
297,A16F3,57.0,94.34796939468627,0.0,0.0,6.937140902975381,6.449838315387781,3.7081142425528304,166.30713063372187,8,0.2975323124371342,0.13270170000009784
298,A11F11,33.1,45.90377589764884,0.0,0.0,7.551401470283095,6.191373393201898,4.9698063977388856,234.10937881385018,8,0.3047176676846971,0.13479589999997188
299,A11F11,33.1,35.18685086559375,0.0,0.0,5.710466694946822,5.373079338398536,2.730216679307205,140.88040496019792,8,0.35433252720847525,0.1214354999999614
300,A11F11,33.1,47.17175733174935,0.0,0.0,5.146664802483833,4.913336147812962,2.977554999136356,103.80683038153893,7,0.4566178938075465,0.11209020000001146
301,A11F11,33.1,16.821705924584656,0.010995052226498075,0.021750951604132682,6.8405591084946105,5.974965540853857,4.016772589054308,143.13779866018592,7,0.3972268366496418,0.10542369999984658
302,A11F11,33.1,34.828162460491406,0.0,0.0,4.844708996638891,4.454482560231817,1.2520588328663387,328.41686692420274,7,0.12006037412056711,0.11421380000001591
303,A11F11,33.1,13.987952214046853,0.16,0.27586206896551724,5.04784478943634,4.518205004601887,2.969467849966812,199.6226119657918,6,0.5474724210041363,0.10961760000009235
304,A11F11,33.1,59.04463643873547,0.0,0.0,5.005561927201182,4.711298603858973,2.510789537325861,244.55836321480615,6,0.5443898788630862,0.1056229999999232
305,A11F11,33.1,46.14846982640219,0.0,0.0,5.527424272711569,5.036776853367378,2.586197732213004,266.3049557603868,6,0.5248004690880429,0.1389549000000443
306,A16F5,57.0,77.38349556576685,0.0,0.0,6.190312116382797,5.9018630198515085,3.2927734227123855,220.9990219305648,6,0.31567536059244533,0.1520947999999862
307,A16F5,57.0,87.96279585369234,0.0,0.0,4.848912285427389,4.667517359757584,2.159613615399593,163.85914877017635,6,0.3322171309722977,0.15186159999984739
308,A16F5,57.0,35.82695923428123,0.0,0.0,5.836136104065595,5.629201346936545,2.721481928470752,140.49089330072792,7,0.3664330936361547,0.17320349999999962
309,A16F5,57.0,24.515366964294408,0.0,0.0,5.820120460819779,5.534638545542631,3.572767072044568,175.46626966819122,6,0.31908838120978783,0.13427679999995235
310,A16F5,57.0,50.602747539962216,0.0,0.0,6.736235302897317,6.43530090302411,4.217712816367751,240.97946945284596,6,0.2723298395406882,0.14933940000014445
311,A16F5,57.0,32.876423967480505,0.0,0.0,6.4937399884841005,5.882412206718538,3.940239436558142,311.34426470462364,6,0.25890568058649543,0.14674960000002102
312,A16F5,57.0,90.07236521691237,0.0,0.0,5.7295710066533285,5.3986448900289545,3.2351730323943544,275.5393451901544,6,0.2680781355297972,0.12782050000009804
313,A16F5,57.0,45.35338587076107,0.0,0.0,5.218859973541655,5.0113656107548685,2.496213144788994,137.50583163315733,6,0.44314496681807325,0.1164446999998745
314,A16F5,57.0,20.989592402623202,0.03523884103367267,0.0680786686838124,6.878205686648741,6.276988749723619,3.5154539015284407,237.21509296660005,6,0.3071814166255107,0.13766089999990072
315,A16F5,57.0,36.45835886533376,0.0,0.0,7.132351162739292,6.190419965462809,4.074879220818352,247.89710226772632,5,0.2770043873412371,0.12647659999993266
316,A16F5,57.0,21.32772351444045,0.0,0.0,5.211404936818276,4.997741302906948,2.5975446467654453,176.57175607599123,5,0.30100532477903813,0.13436700000011115
317,A16F5,57.0,18.73800272934597,0.022157996146435453,0.043355325164938736,4.680096226741661,4.513280433761432,2.2587302238474125,170.32255845712353,5,0.32645017947558236,0.12731009999993148
318,A16F5,57.0,56.404384649595485,0.0,0.0,6.030454371727555,5.668441937266201,3.3832317826379743,160.41211699098466,5,0.359302783581707,0.13338309999994635
319,A16F5,57.0,60.258874460198214,0.0,0.0,5.080714282246664,4.881020606957932,2.5061585797434582,164.26468461662253,6,0.3656071595948059,0.13409010000009403
320,A15F5,56.2,42.02099225693802,0.0,0.0,4.727438157332888,4.53738313698888,2.3420553039082743,115.64485824327083,6,0.4744663380676388,0.131767100000161
321,A15F5,56.2,25.809253537870756,0.0,0.0,6.352503263681032,6.075368033409888,3.6984845749851707,161.82060451383023,5,0.35270491158860573,0.13973069999997279
322,A15F5,56.2,61.586571019357464,0.0,0.0,5.554333848090602,5.265445393115203,2.7147830685991945,156.72747899225502,5,0.29869566609302156,0.13096170000017082
323,A15F5,56.2,60.74304329942386,0.0,0.0,4.4927930518706285,4.336990628036562,2.0611401406463727,135.18424667578864,5,0.35954833692210825,0.1307792000000063
324,A15F5,56.2,43.325822726461666,0.0,0.0,6.548069586137318,6.136546159321776,3.586804987710139,170.47173977621821,5,0.3241340782851176,0.10914510000020528
325,A15F5,56.2,89.06893454046333,0.0,0.0,6.131060070867931,5.771118081476359,3.2197855435481433,108.1154893780764,5,0.3663249879128678,0.09607699999992292
326,A15F5,56.2,34.60573694609772,0.0,0.0,6.0950860642800535,5.736355945219602,3.026563358164176,179.89012821666725,5,0.3906620893807374,0.09554180000009183
327,A15F5,56.2,79.16824312965713,0.0,0.0,6.188250513475822,5.878641788231251,3.6295740267095753,125.4476439868823,5,0.32173525792615415,0.10985269999991942
328,A15F5,56.2,60.29871347849673,0.0,0.0,6.6178842968575875,6.249611324218441,3.657649578157546,162.07423634158616,5,0.2820691512076313,0.10978589999990618
329,A15F5,56.2,84.56191516947123,0.0,0.0,5.221013032190588,5.028121312929956,2.6513908768775347,131.83462522493872,5,0.3673087666230931,0.09777759999997215
330,A15F5,56.2,75.11819789739909,0.0,0.0,7.13722401979524,6.2542857887668895,3.879316260357861,323.1351057635067,5,0.2442341250025004,0.09878240000011829
331,A15F5,56.2,62.91111962864118,0.0,0.0,6.440912075332013,5.790454645988262,3.4784764588105213,174.9457410657775,5,0.371525820699662,0.11485830000015085
332,A15F5,56.2,53.68477424277036,0.0,0.0,6.757033320772507,6.079696341000708,3.7018057597474194,181.58560737613624,5,0.32967401174055266,0.10432209999999031
333,A15F5,56.2,49.92433674456103,0.0,0.0,6.022752465758825,5.528648334668475,3.238926314367377,147.36490085986063,6,0.4120259130721445,0.11503289999996014
334,A3F5,56.9,71.44805243860904,0.0,0.0,6.425496797886346,6.097643000778172,3.1529062737581213,165.07044281054146,6,0.29974914117704465,0.11744420000013633
335,A3F5,56.9,17.356673816242537,0.04460966542750929,0.08540925266903915,6.452086788289133,6.163959947283718,3.7241977762815726,155.52451909028792,6,0.3145308875471174,0.09607349999987491
336,A3F5,56.9,7.85747337221658,0.25204359673024523,0.40261153427638735,6.265355971440733,5.73735468733883,3.397154423427799,204.67121748883602,6,0.3107237070861527,0.10243959999979779
337,A3F5,56.9,51.64347615080543,0.0,0.0,5.627952612683639,5.351935767343695,2.903099262323111,143.22919445963396,6,0.39644217400830817,0.1140763999999308
338,A3F5,56.9,7.840011407222899,0.33046683046683045,0.4967682363804247,6.626041239611981,6.2999957190085585,3.4733175125570965,149.47386848061765,6,0.32227322413203874,0.13986449999993056
339,A3F5,56.9,35.47986906126375,0.0,0.0,6.362718512323572,6.037010939838897,3.6663791418196596,244.41155391987,5,0.2951006617449324,0.14126129999999648
340,A3F5,56.9,78.4247977252424,0.0,0.0,5.031537747811959,4.825593361953569,2.3864569853932887,219.84682358968035,6,0.4795804909878015,0.12367760000006456
341,A3F5,56.9,60.033954841174655,0.0,0.0,5.905581441392595,5.596372209613723,3.0928167296923883,260.9192448970818,6,0.35809947254953123,0.17108109999981025
342,A3F5,56.9,60.137679923115,0.0,0.0,6.0800371322508795,5.518168468741625,2.947850727883058,348.3852897363378,5,0.25270941055173324,0.14661329999989903
343,A3F5,56.9,59.05122132308651,0.0,0.0,5.197520669110171,4.730436899243214,2.7469453766253618,275.16394268393725,5,0.4379867206724029,0.14220079999995505
344,A3F5,56.9,56.24405643459537,0.0,0.0,5.016490590752799,4.809058940060467,2.2953752286111424,177.33626455861022,6,0.43390307124404814,0.14941399999997884
345,A3F5,56.9,76.20560149717654,0.0,0.0,5.202224676552715,4.900437884116545,2.5848640577068323,144.20026435425166,6,0.395263009858034,0.1285989000000427
346,A3F5,56.9,30.067416551187904,0.0,0.0,6.431823009919139,5.898348311040563,3.6984414220333646,182.1920531307964,6,0.27109101927573875,0.10848550000014257
347,A3F5,56.9,27.535448260491844,0.0,0.0,5.978232007839745,5.6415439616956595,2.991024284892993,242.7355710742369,6,0.29102268422272964,0.100860799999964
348,A3F5,56.9,44.861697731846775,0.0,0.0,6.790769317236363,5.944898872415404,4.210537494487976,138.1972376327866,5,0.27206787392567106,0.11793409999995674
349,A3F5,56.9,20.563453820981938,0.0,0.0,7.0749512997886645,6.305438530172472,4.753407370201662,157.85861739860084,5,0.25355247384928836,0.1427386000000297
350,A3F5,56.9,49.25470867870407,0.0,0.0,6.552369541371711,6.163587965933676,3.2592308325922548,191.6659916976395,5,0.33432771156948765,0.10381010000014612
351,A3F5,56.9,22.21342623777592,0.0,0.0,7.2670995650441474,6.834905476037935,4.045364095778139,264.1735608221218,5,0.28946277813943955,0.11294780000002902
352,A3F5,56.9,39.75268786619575,0.0,0.0,6.258882475741664,5.788222216767292,3.08576254269588,154.42206731199025,4,0.42833780231396545,0.10000189999982467
353,A2F5,48.5,59.58484585230276,0.0,0.0,4.471944082976251,4.314136328355864,2.2789728416430757,67.70607663230155,5,0.47910894604007503,0.09625909999999749
354,A2F5,48.5,57.3287879308678,0.0,0.0,5.266310435959536,5.005698237796335,2.741043695185153,60.1387468200255,5,0.45025375678832236,0.09785130000000208
355,A2F5,48.5,57.39245610445095,0.0,0.0,6.571337721316083,5.974613010844728,3.6720841396703676,82.70342587341449,5,0.3498737852671213,0.09986039999989771
356,A2F5,48.5,32.36152723557957,0.0,0.0,5.201236482707986,4.818976512997374,2.042113379447528,189.23934423631934,5,0.26601935862215376,0.10544240000012906
357,A2F5,48.5,32.645040487320315,0.0,0.0,5.664998645883558,5.352538223964203,2.7783527439255464,152.53685659098682,5,0.28554102391744374,0.10444439999992028
358,A2F5,48.5,39.70222451666714,0.0,0.0,8.03817472700626,7.415169185149908,4.982938963003985,257.7121717703223,5,0.23650271795630923,0.10322999999993954
359,A2F5,48.5,47.52618338425912,0.0,0.0,6.8104541550301665,6.124268234989799,3.687233216269035,118.36920538802725,6,0.29540952617162636,0.09956709999983104
360,A2F4,48.5,55.46201058159383,0.0,0.0,5.336499209818811,5.0549684989583845,2.4347875622971995,207.6538539002166,6,0.5114722236429243,0.09674929999982851
361,A2F4,48.5,33.5001624389667,0.0,0.0,5.42984637157927,5.119616065617114,2.750418625401895,270.1625945832047,6,0.353272094472051,0.12703540000006797
362,A2F4,48.5,29.391603699244573,0.0,0.0,6.397501528437487,5.848540072244987,3.5739827917006517,303.29663859440814,4,0.3476683410879615,0.11520080000013877
363,A16F4,57.0,31.133467845772053,0.0,0.0,5.935093927790829,5.258343352447529,3.346923680725746,174.93309000513042,5,0.4037295721455451,0.10314089999997123
364,A16F4,57.0,35.91936748356116,0.0,0.0,6.519725836857831,6.119149617011715,3.255955535433864,170.61534963400567,5,0.3588207212740835,0.11295739999991383
365,A2F12,48.5,10.982938250007651,0.20578231292517007,0.34132581100141046,5.514969411262042,5.252777341476397,2.946565038383628,124.74345946735752,4,0.4440313652101555,0.11141900000006899
366,A2F12,48.5,31.64415866398878,0.0,0.0,5.434589476176676,5.156246206392632,2.8085047757930854,108.2900928493914,5,0.48007424838458806,0.11550820000002204
367,A2F12,48.5,28.10248783161974,0.0,0.0,5.2177195013914615,5.062756530212687,2.5386857723667426,99.32317725692891,5,0.4044137590408951,0.09634989999995014
368,A2F12,48.5,53.769195644391814,0.0,0.0,5.858075911596963,5.534826980461122,3.634885178595937,134.48501675269756,5,0.3670529528981471,0.1179395999999997
369,A2F12,48.5,31.990704773331643,0.0,0.0,5.609936613536382,5.297504012699622,2.8592836972273763,148.85760101340358,4,0.41210016778350295,0.13366150000001653
370,A2F12,48.5,29.204614285892493,0.0,0.0,7.171243781472024,6.683736286464098,4.387893367447675,322.97535802196575,6,0.2860108840905589,0.11906180000005406
371,A2F12,48.5,55.64110187795963,0.0,0.0,6.610793428467055,6.14801562113635,3.5462325762507554,312.6683899350515,5,0.33964881032493166,0.11984549999988303
372,A2F14,48.5,75.45175136760461,0.0,0.0,7.782018202681949,7.054678347921394,5.008727398877103,294.5279092371416,5,0.23065584552514673,0.1121589000001677
373,A2F14,48.5,84.15194861590108,0.0,0.0,6.3291028802503835,5.9991694670287785,3.3973082453868595,264.7412279620219,5,0.3062411127111272,0.11161099999981161
374,A2F14,48.5,19.31792737883405,0.012269938650306749,0.024242424242424242,5.606708936274783,5.218301204833984,2.5318313923397517,232.00514927507058,6,0.3086570539046393,0.12678030000006402
375,A2F14,48.5,36.6958480183244,0.0,0.0,7.003477810953954,6.633346325904603,4.075871454980699,258.32577778556555,5,0.32472329427979746,0.10878139999999803
376,A12F13,39.0,48.0268781600902,0.0,0.0,5.248632788772455,4.863216700364025,2.5984633054629374,96.41780176087494,4,0.40918547565147534,0.1163782999999512
377,A12F13,39.0,14.372859909224784,0.00931098696461825,0.01845018450184502,5.137971196034354,4.904649691049496,2.7895503122134753,42.25434209781888,5,0.4511290663862291,0.12257759999988593
378,A12F13,39.0,42.02547742174072,0.0,0.0,7.691349711502954,6.753188552092675,5.98607684136896,154.87125759342373,5,0.23052163654288702,0.12481979999984105
379,A12F13,39.0,41.35605219837959,0.0,0.0,5.890441000192281,5.385556156492451,3.4125288565890335,119.44492143379098,5,0.44865814906397233,0.09307650000005196
380,A12F13,39.0,71.80263384300807,0.0,0.0,5.506889504957338,5.121675794204536,3.211917685227401,100.11604071366939,5,0.44634960890476066,0.11363430000005792
381,A12F13,39.0,5.921343055742512,0.4163568773234201,0.5879265091863517,6.586411083324547,6.266005532924134,4.043412319299584,102.51368800310198,6,0.29391309772447105,0.1235733999999411
382,A12F13,39.0,22.97638071339618,0.0,0.0,5.417576222466965,5.041443824150194,3.081634631499907,78.8682045393726,6,0.4472604481026667,0.11159889999998995
383,A12F13,39.0,49.91622104087726,0.0,0.0,5.877046490544648,5.580965642165195,3.3722909117387765,77.65450972545119,6,0.4026858039166273,0.1182755999998335
384,A12F13,39.0,48.90441572428641,0.0,0.0,5.6838534592096535,5.229395721644385,2.9271911023099526,194.29895037613556,5,0.4042873878126347,0.10128819999999905
385,A12F13,39.0,51.50854878230903,0.0,0.0,5.169313830819105,4.813722911910254,2.555632529089854,185.01469136464087,5,0.5609528025310493,0.08952329999988251
386,A12F13,39.0,23.84968163179644,0.0,0.0,5.3259830132472405,5.050836013247675,2.5242299089762477,102.10790237065031,5,0.4439166444952193,0.10640399999988404
387,A12F13,39.0,8.622454417941734,0.03988183161004431,0.07670454545454546,5.281280698279697,4.922112496044731,2.6324765891000736,176.1022920896022,5,0.4758097314710741,0.09632360000000517
388,A12F13,39.0,53.85474253093494,0.0,0.0,6.292430475392089,5.819884607883294,3.352750518585908,208.51760820437144,6,0.431225181932088,0.09129389999998239
389,A12F13,39.0,53.97424429500138,0.0,0.0,6.820235674888252,6.1676799437103025,4.3761364364882995,373.04588594710907,6,0.303764795516141,0.09365530000013678
390,A12F13,39.0,14.789116005685045,0.04375,0.08383233532934131,5.8533777267373654,5.494836230599737,3.473028790864626,222.32109449934558,7,0.38623292268616183,0.09254160000000411
391,A12F13,39.0,20.730466620470267,0.0,0.0,6.101264717696425,5.629795840597714,3.054400071441237,205.64032872159405,7,0.32644690081634975,0.10487530000000334
392,A12F13,39.0,39.027988444274854,0.0,0.0,6.62938220384523,5.9102104668916144,3.532834232844528,273.05391302330713,5,0.3183147457934841,0.1057703000001311
393,A12F13,39.0,39.19027534450771,0.0,0.0,5.143938475447073,4.959071681858963,2.556658764727807,197.2012197961912,5,0.46218807245494264,0.09078049999993709
394,A11F14,33.1,25.546792947161467,0.0,0.0,5.477946656216112,5.259929166764018,2.98033748578644,145.83879082121177,5,0.48577231557536915,0.0943482000000131
395,A11F14,33.1,17.89375044075007,0.0,0.0,6.524628535640219,5.854472949826043,3.7893535808740926,75.06638723489624,6,0.43404232135757287,0.09868649999998524
396,A11F14,33.1,50.90089173713648,0.0,0.0,5.001999682623678,4.7664043987081115,2.300444115472626,105.46164089805742,5,0.449961799448483,0.09224240000003192
397,A11F14,33.1,16.24253262769741,0.0,0.0,6.183948479448942,5.8403252225159195,3.2159937921241637,105.85329257161924,5,0.43177673473832207,0.09817840000005162
398,A11F14,33.1,23.66136150323833,0.0,0.0,7.188245185367782,6.096553137048773,4.997394569601369,120.23172376320238,5,0.31140006345635646,0.1181278999999904
399,A2F14,48.5,61.86386704374309,0.0,0.0,4.967897198261207,4.628628548738137,2.592208098437642,113.17467105766153,5,0.5155103035591966,0.11551680000002307
400,A2F14,48.5,61.51474752945874,0.0,0.0,5.639522260509823,5.213594118592056,2.9718735991445535,143.1594690344329,4,0.4625255428647301,0.09688489999984995
401,A2F14,48.5,35.37679972519926,0.0,0.0,6.533727870039971,6.042943487966376,4.035348303597847,185.91298137629866,6,0.26421595018922317,0.09687420000000202
402,A3F14,56.9,16.211914934675757,0.2853333333333333,0.44398340248962653,6.007102164292569,5.437889231780425,3.430374138084546,331.1889584446628,5,0.38197778462248777,0.09480119999989256
403,A3F14,56.9,41.969106241221624,0.0,0.0,5.274335554663959,4.870151021182237,2.473152844269159,233.21147571293588,5,0.3842832366204654,0.0914904999999635
404,A3F14,56.9,75.23709301487092,0.0,0.0,6.069649609780836,5.6950099368852936,2.684230410485432,254.80250748198026,6,0.31683131048842816,0.09407489999989593
405,A3F11,56.9,40.29043666376782,0.0,0.0,6.645141318460334,6.131118251137707,2.985736532711524,491.2271391390164,5,0.3216386588144205,0.09371770000007018
406,A3F11,56.9,45.05970863847166,0.0,0.0,6.09004942306103,5.636728363391774,3.560721950338248,241.24240013206196,5,0.41906621304196306,0.11137699999994766
407,A3F11,56.9,31.25523280136289,0.0,0.0,5.213980394624723,4.881770688354958,2.2930046488021065,456.99732565476467,4,0.27138469925432374,0.09765379999998913
408,A13F11,43.8,57.98020424189741,0.0,0.0,5.056572049011957,4.754297480805127,2.4727774559474507,142.6602635531554,5,0.5223909617511059,0.09120860000007269
409,A13F11,43.8,21.22503645484059,0.0,0.0,6.044324462904767,5.646600529200195,3.0938029606831767,175.47884129245085,5,0.4228501055975941,0.09068170000000464
410,A13F11,43.8,21.32481886136013,0.0,0.0,6.411707161274645,6.026970492676363,3.158104975531629,199.3076787732025,6,0.5200312045013179,0.09686799999985851
411,A13F11,43.8,58.42471507554902,0.0,0.0,6.549669193778749,6.137959999052124,4.1920466806239105,394.6158756534011,6,0.31693996864168994,0.10206970000012916
412,A13F11,43.8,80.76941823279587,0.0,0.0,6.286776700262311,5.669605724665148,3.651664544472103,265.35129599308857,6,0.3903226619222328,0.11231069999985266
413,A15F11,56.2,17.93882833010862,0.07227891156462585,0.13481363996827914,5.199961996806258,4.886054440725333,2.716296251270457,168.9989442350793,6,0.526054925137948,0.10718369999995048
414,A15F11,56.2,13.015208867491719,0.18950064020486557,0.3186221743810549,6.532572068205786,5.962527030443615,4.054867826586355,362.96356243468506,6,0.31391385919464865,0.09640280000007806
415,A15F11,56.2,58.08313866310918,0.0,0.0,6.054600400013311,5.480767326020439,2.7905550545200724,286.04404173706604,6,0.3330357385835901,0.09373989999994592
416,A16F11,57.0,25.923860519539037,0.0,0.0,7.405822438499092,6.907296725042105,4.877623531568666,373.82037269924194,6,0.2376020956455164,0.09531919999994898
417,A16F11,57.0,41.25639546270098,0.0,0.0,6.667895316639342,6.072333143653273,3.4763181038129165,412.9686302831543,5,0.30045540619247035,0.12248139999996965
418,A16F11,57.0,19.130272075330886,0.0,0.0,6.2542615172245615,5.783350993171659,3.2424589339739662,368.1570320478284,6,0.30786824319694833,0.10998799999993025
419,A15F3,56.2,60.76748751159938,0.0,0.0,6.25455048847308,5.764465754051517,2.949372463996356,476.7493761706722,6,0.2836484847959479,0.10220620000018243
420,A15F3,56.2,59.36301490930517,0.0,0.0,5.884211415196269,5.513587898428243,3.1889851394651734,242.4868415594859,6,0.44320178268719373,0.14937269999995806
421,A3F3,56.9,51.881028214641454,0.0,0.0,6.714939934589622,6.160404755465692,3.5292407967621706,210.80708582349368,6,0.2980964502793541,0.11586549999992712
422,A3F3,56.9,51.052668832146054,0.0,0.0,5.501744724186789,5.252955047981805,2.6509220530451985,166.58058952139498,6,0.4404503893745152,0.12519010000005437
423,A3F3,56.9,27.52654300408292,0.0,0.0,5.8263899209321455,5.50066356549241,3.074615916900175,195.65370175543308,7,0.34685233027058865,0.12864410000020143
424,A15F4,56.2,44.75411069946106,0.0,0.0,6.502190393435601,6.294830808941651,3.6543216889039853,231.61991832730763,7,0.3211463618942915,0.11648800000011761
425,A15F4,56.2,52.12189105600902,0.0,0.0,5.152697156963773,4.993687116639813,2.277287760050055,156.25394659188845,6,0.3540180732493714,0.1179967000000488
426,A15F12,56.2,61.88032848756707,0.0,0.0,8.009494136166364,7.5110193038621995,5.893594921493578,369.6151323274321,6,0.18817336649869262,0.11719799999991665
427,A15F12,56.2,47.54547092634966,0.0,0.0,6.119565782039321,5.421532653884084,3.0077105193904075,231.87064688000814,6,0.32156708164719966,0.11916629999996076
428,A15F12,56.2,67.7577791029947,0.0,0.0,7.821365975082175,7.206801774810447,4.828255791048171,303.5691295060542,6,0.18404317438952336,0.1334266999999727
429,A14F2,45.4,28.60872404467544,0.0,0.0,6.872310744241194,6.304674235481479,3.7709761107938427,235.23969041712866,6,0.37605378093345493,0.13107370000011542
430,A14F2,45.4,67.50038857455866,0.0,0.0,7.7510622055479,6.991606909209132,5.888529095057656,368.1181832184877,4,0.21864451500446838,0.12121130000014091
431,A14F2,45.4,43.91280069136359,0.0,0.0,6.7165032299979375,6.2031198235232745,3.7308525904983347,308.16351522753826,4,0.35638591022155663,0.11505869999996321
